﻿<?xml version="1.0" encoding="utf-8" ?>
<Advertisements>
	<Ad>
		<ImageUrl>images/csf100x30.gif</ImageUrl>
		<NavigateUrl>/Members/ad_redirect.aspx?ADID=10</NavigateUrl>
		<AlternateText>Try us!</AlternateText>
		<Impressions>1</Impressions>
	</Ad>
	<Ad>
		<ImageUrl>images/smallfuzzy1.gif</ImageUrl>
		<NavigateUrl>/Members/ad_redirect.aspx?ADID=12</NavigateUrl>
		<AlternateText>Click here!</AlternateText>
		<Impressions>1</Impressions>
	</Ad>
		<Ad>
		<ImageUrl>images/DevASPNet100x30.gif</ImageUrl>
		<NavigateUrl>/Members/ad_redirect.aspx?ADID=41</NavigateUrl>
		<AlternateText>Click here!</AlternateText>
		<Impressions>1</Impressions>
	</Ad>

</Advertisements>