﻿<?xml version="1.0" encoding="utf-8" ?>
<Advertisements>
	<Ad>
		<ImageUrl>http://images.amazon.com/images/P/0672320681.01.MZZZZZZZ.jpg</ImageUrl>
		<NavigateUrl>http://www.amazon.com/exec/obidos/ASIN/0672320681/csharpfriends-20</NavigateUrl>
		<AlternateText>A must read!</AlternateText>		
		<Impressions>1</Impressions>
	</Ad>
	<Ad>
		<ImageUrl>http://images.amazon.com/images/P/0672321068.01.MZZZZZZZ.jpg</ImageUrl>
		<NavigateUrl>http://www.amazon.com/exec/obidos/ASIN/0672321068/csharpfriends-20</NavigateUrl>
		<AlternateText>A must read!</AlternateText>		
		<Impressions>1</Impressions>
	</Ad>
	<Ad>
		<ImageUrl>http://images.amazon.com/images/P/0672321432.01.MZZZZZZZ.jpg</ImageUrl>
		<NavigateUrl>http://www.amazon.com/exec/obidos/ASIN/0672321432/csharpfriends-20</NavigateUrl>
		<AlternateText>A must read!</AlternateText>		
		<Impressions>1</Impressions>
	</Ad>	
	<Ad>
		<ImageUrl>http://images.amazon.com/images/P/1861007043.01.MZZZZZZZ.jpg</ImageUrl>
		<NavigateUrl>http://www.amazon.com/exec/obidos/ASIN/1861007043/csharpfriends-20</NavigateUrl>
		<AlternateText>A must read!</AlternateText>		
		<Impressions>1</Impressions>
	</Ad>	
</Advertisements>