<?xml version="1.0" encoding="utf-8" ?>
<Advertisements>	
	<Ad>
		<ImageUrl>images/csf100x30.gif</ImageUrl>
		<NavigateUrl>/Members/ad_redirect.aspx?ADID=8</NavigateUrl>
		<AlternateText>support our sponsors!</AlternateText>
		<Impressions>1</Impressions>
	</Ad>
	<Ad>
		<ImageUrl>images/csf100x30.gif</ImageUrl>
		<NavigateUrl>/Members/ad_redirect.aspx?ADID=13</NavigateUrl>
		<AlternateText>support our sponsors!</AlternateText>
		<Impressions>1</Impressions>
	</Ad>
</Advertisements>